0001	0	0	Qinghe Upper Circuit	青河上道
0002	0	0	Jinglan Riverlands	靖澜河原
0003	0	0	Cangshan Mountain Gate	苍山山门
0004	0	0	Mingyue Prefecture	明月府
0005	0	0	Xuanlong Pass	玄龙关
0006	0	0	Ruiyun Rice Plain	瑞云稻原
0007	0	0	Yuhai Harbor Circuit	玉海港道
0008	0	0	Baihe Commandery	白河郡
0009	0	0	Heian Pine Ridge	平安松岭
0010	0	0	Kurokaze Coast	黑风海岸
0011	0	0	Akatsuki Tea Hills	晓原茶岭
0012	0	0	Kirigawa Lower Valley	雾川下谷
0013	0	0	Cheongcheon Basin	青川盆地
0014	0	0	Baekgang Delta Province	白江河口州
0015	0	0	Garam Cloud Terrace	江岚云台
0016	0	0	Mireu Dragon Pass	龙渊龙关
0017	0	0	Selen Outer March	外瑟岚边州
0018	0	0	Boran Jade Fields	博岚玉田
0019	0	0	Haneul Lake Country	天原湖乡
0020	0	0	Seorim Forest Province	瑞林林州
0021	0	0	HanaQing Harbor Circuit	花野青港道
0022	0	0	Mireu Coast of Cheongcheon	青川龙渊海岸
0023	0	0	Huo Lake Country	火湖乡
0024	0	0	Pearl Harbor Prefecture	珠港府
0025	0	0	Aki Coast of Jingjiang	靖江秋津海岸
0026	0	0	XuanBaek Harbor Circuit	玄白岳港道
0027	0	0	Yun Coast of Xuanshui	玄水云海岸
0028	0	0	Inner Hanagawa Basin	内花川盆地
0029	0	0	AkiSelen Harbor Circuit	秋津瑟岚港道
0030	0	0	Lower Crane Marsh March	下鹤泽边州
0031	0	0	Garam Snowfield	江岚雪原
0032	0	0	SeorimNing Cloud Terrace	瑞林宁云台
0033	0	0	Ruihe River Circuit	瑞河道
0034	0	0	LongHaneul Jade Fields	龙天原玉田
0035	0	0	JiangTao Rice Plain	江桃稻原
0036	0	0	Lin Rice Plain	林稻原
0037	0	0	CangHaneul and the Silver Bridge	苍天原与银桥
0038	0	0	TsukiTao Harbor Circuit	月见桃港道
0039	0	0	KuroMireu and the Jade Bell	黑羽龙渊与玉钟
0040	0	0	HanaShui and the Dragon Well	花野水与龙井
0041	0	0	AkatsukiLin Rice Plain	晓原林稻原
0042	0	0	Far Pearl Harbor March	远珠港边州
0043	0	0	Southern LingMing Isles	南陵明群岛
0044	0	0	Far KiriMori Isles	远雾隐森原群岛
0045	0	0	Ling Cape	陵岬
0046	0	0	YueBaek and the Phoenix Hall	月白岳与凤殿
0047	0	0	Seorim Snowfield	瑞林雪原
0048	0	0	Pearl Harbor Commandery	珠港郡
0049	0	0	Zhu Lake Country	竹湖乡
0050	0	0	Eastern FengHuo Isles	东风火群岛
0051	0	0	Wei Coast of Cangliu	苍流巍海岸
0052	0	0	CheongLan Harbor Circuit	青川澜港道
0053	0	0	Jiang Rice Plain	江稻原
0054	0	0	Outer An Forest Province	外安林州
0055	0	0	BaiBaek and the Moon Shrine	白白岳与月社
0056	0	0	Lower Cheongcheon	青川下游
0057	0	0	Jade Bell Commandery	玉钟郡
0058	0	0	LinMireu Harbor Circuit	林龙渊港道
0059	0	0	Upper Mireugang	龙渊江上游
0060	0	0	Luo Bamboo March	洛竹边
0061	0	0	Upper Baekgang	白江上游
0062	0	0	BaiAn Lake Country	白安湖乡
0063	0	0	Southern Baek Forest Province	南白岳林州
0064	0	0	YinBai and the Silver Bridge	银白与银桥
0065	0	0	Dragon Well Prefecture	龙井府
0066	0	0	Boran March	博岚边州
0067	0	0	Ming Bamboo March	明竹边
0068	0	0	Central JiangFeng Basin	中江风盆地
0069	0	0	Gu Bamboo March	谷竹边
0070	0	0	Lower Hanagawa	花川下游
0071	0	0	Rui Mountain Gate	瑞山门
0072	0	0	Northern Weihe Basin	北巍河盆地
0073	0	0	YamaMei Cloud Terrace	山城梅云台
0074	0	0	MeiMori and the Lotus Lake	梅森原与莲湖
0075	0	0	Cheong Lake Country	青川湖乡
0076	0	0	White Pagoda Prefecture	白塔府
0077	0	0	Haneul Coast of Zhaojiang	昭江天原海岸
0078	0	0	Outer Kirigawa Basin	外雾川盆地
0079	0	0	KazeLan Harbor Circuit	风见澜港道
0080	0	0	GuZhu Cloud Terrace	谷竹云台
0081	0	0	Cang Tea Hills	苍茶岭
0082	0	0	HeiHai Coast	黑海海岸
0083	0	0	Inner Mist Gate March	内雾门边州
0084	0	0	Cang Snowfield	苍雪原
0085	0	0	Ling Coast of Morikawa	森川陵海岸
0086	0	0	Southern Red Crane March	南朱鹤边州
0087	0	0	MeiMori and the Wind Beacon	梅森原与风烽
0088	0	0	Northern Kirigawa Basin	北雾川盆地
0089	0	0	Central White Pagoda March	中白塔边州
0090	0	0	He Lake Country	河湖乡
0091	0	0	Zhao Coast	昭海岸
0092	0	0	Garam Delta Province	江岚河口州
0093	0	0	Nine Gates Prefecture	九关府
0094	0	0	Western Star Monastery March	西星寺边州
0095	0	0	He Snowfield	河雪原
0096	0	0	Kiri Mountain Gate	雾隐山门
0097	0	0	Bai Mountain Gate	白山门
0098	0	0	Lin Snowfield	林雪原
0099	0	0	BoranShui Riverlands	博岚水河原
0100	0	0	Kawatsuki Delta Province	月川河口州
0101	0	0	Outer Qinghe Basin	外青河盆地
0102	0	0	Xuanshui River Circuit	玄水道
0103	0	0	Far AkiShan Isles	远秋津山群岛
0104	0	0	NaraeYin Tea Hills	羽川银茶岭
0105	0	0	AkiDal and the Moon Shrine	秋津月川与月社
0106	0	0	Cang Highlands	苍高原
0107	0	0	DalXuan Harbor Circuit	月川玄港道
0108	0	0	Inner SongAn Isles	内松安群岛
0109	0	0	Shiro Lake Country	白羽湖乡
0110	0	0	Jin Lake Country	金湖乡
0111	0	0	CheongRui Cloud Terrace	青川瑞云台
0112	0	0	Northern Morikawa Basin	北森川盆地
0113	0	0	NaraeZhu Salt Marsh	羽川竹盐泽
0114	0	0	Yin Bamboo March	银竹边
0115	0	0	Yue Coast of Mingchuan	明川月海岸
0116	0	0	Kawatsuki River Circuit	月川道
0117	0	0	Central JinTao Cloud Terrace	中金桃云台
0118	0	0	Kuro Bamboo March	黑羽竹边
0119	0	0	HanaLing Harbor Circuit	花野陵港道
0120	0	0	Upper Qinghe	青河上游
0121	0	0	Central HeiCang Isles	中黑苍群岛
0122	0	0	QingShiro Cloud Terrace	青白羽云台
0123	0	0	Aki Coast of Kirigawa	雾川秋津海岸
0124	0	0	Tsuki Tea Hills	月见茶岭
0125	0	0	Upper Tao Forest Province	上桃林州
0126	0	0	An Coast of Weihe	巍河安海岸
0127	0	0	LinBai Cloud Terrace	林白云台
0128	0	0	Central Xuanshui Basin	中玄水盆地
0129	0	0	Wind Beacon Pass	风烽关
0130	0	0	Upper MireuWei Lake Country	上龙渊巍湖乡
0131	0	0	Ning Circuit	宁道
0132	0	0	Eastern Kawatsuki Basin	东月川盆地
0133	0	0	KiriShui Cloud Terrace	雾隐水云台
0134	0	0	Hanagawa River Circuit	花川道
0135	0	0	Baek Coast of Xuanshui	玄水白岳海岸
0136	0	0	YaoRui Harbor Circuit	曜瑞港道
0137	0	0	Yue Coast of Weihe	巍河月海岸
0138	0	0	Huo Lowlands	火低原
0139	0	0	Inner Gu Forest Province	内谷林州
0140	0	0	Crane Marsh Commandery	鹤泽郡
0141	0	0	Southern Ning Forest Province	南宁林州
0142	0	0	Sun Terrace Pass	日台关
0143	0	0	Western KiriYao Harbor Circuit	西雾隐曜港道
0144	0	0	ZhuJing Harbor Circuit	竹靖港道
0145	0	0	White Pagoda Pass	白塔关
0146	0	0	NaraeZhao Cloud Terrace	羽川昭云台
0147	0	0	Lower Kazegawa	风川下游
0148	0	0	Inner CheongLuo Lowlands	内青川洛低原
0149	0	0	SeorimShan and the Wind Beacon	瑞林山与风烽
0150	0	0	Northern HeiTsuki Mountain Gate	北黑月见山门
0151	0	0	Yun Rice Plain	云稻原
0152	0	0	Western Kazegawa Basin	西风川盆地
0153	0	0	Upper MingZhao Isles	上明昭群岛
0154	0	0	KazeLing Harbor Circuit	风见陵港道
0155	0	0	Northern Baek Forest Province	北白岳林州
0156	0	0	Wei Forest Province	巍林州
0157	0	0	Shui Mountain Gate	水山门
0158	0	0	Inner ShanMing Jade Fields	内山明玉田
0159	0	0	Shan Snowfield	山雪原
0160	0	0	TaoHei Harbor Circuit	桃黑港道
0161	0	0	MingJiang Harbor Circuit	明江港道
0162	0	0	BoranHuo and the Moon Shrine	博岚火与月社
0163	0	0	Mori Coast of Morikawa	森川森原海岸
0164	0	0	YunRui Harbor Circuit	云瑞港道
0165	0	0	Long Isles	龙群岛
0166	0	0	Boran Lake Country	博岚湖乡
0167	0	0	Mei Snowfield	梅雪原
0168	0	0	HuTao and the Mist Gate	湖桃与雾门
0169	0	0	ZhuShiro Dragon Pass	竹白羽龙关
0170	0	0	JiangMei Harbor Circuit	江梅港道
0171	0	0	Outer HeiJing Isles	外黑靖群岛
0172	0	0	Selen Lake Country	瑟岚湖乡
0173	0	0	Hana Plum Valley	花野梅谷
0174	0	0	LanHaneul Dragon Pass	澜天原龙关
0175	0	0	Eastern Baekgang Basin	东白江盆地
0176	0	0	Western HaiKiri Lowlands	西海雾隐低原
0177	0	0	Western Hu Forest Province	西湖林州
0178	0	0	MingBoran and the Lotus Lake	明博岚与莲湖
0179	0	0	Moon Shrine Prefecture	月社府
0180	0	0	Jiang Lake Country	江湖乡
0181	0	0	Inner ShiroKaze Jade Fields	内白羽风见玉田
0182	0	0	Western White Pagoda March	西白塔边州
0183	0	0	Upper MireuCang Isles	上龙渊苍群岛
0184	0	0	Song Rice Plain	松稻原
0185	0	0	Southern Rui Forest Province	南瑞林州
0186	0	0	Xuan Bamboo March	玄竹边
0187	0	0	Selen Rice Plain	瑟岚稻原
0188	0	0	Western AkiYin Isles	西秋津银群岛
0189	0	0	Central QingSeorim Riverlands	中青瑞林河原
0190	0	0	FengMori Harbor Circuit	风森原港道
0191	0	0	MingJin Harbor Circuit	明金港道
0192	0	0	Far GaramShiro Isles	远江岚白羽群岛
0193	0	0	LongYue Harbor Circuit	龙月港道
0194	0	0	HuoBoran and the Cedar Shrine	火博岚与杉社
0195	0	0	Lower Dragon Well March	下龙井边州
0196	0	0	White Pagoda Commandery	白塔郡
0197	0	0	TsukiNarae Harbor Circuit	月见羽川港道
0198	0	0	Western CangJin Isles	西苍金群岛
0199	0	0	Western SelenShiro Bamboo March	西瑟岚白羽竹边
0200	0	0	ZhaoHu Mountain Gate	昭湖山门
0201	0	0	Far Dragon Well March	远龙井边州
0202	0	0	Wind Beacon Prefecture	风烽府
0203	0	0	MoriXuan Cloud Terrace	森原玄云台
0204	0	0	HaneulMei and the Golden Ford	天原梅与金津
0205	0	0	Lower Ruihe	瑞河下游
0206	0	0	Northern LongLin Isles	北龙林群岛
0207	0	0	Moon Shrine Pass	月社关
0208	0	0	Central LingQing Isles	中陵青群岛
0209	0	0	GuRui Harbor Circuit	谷瑞港道
0210	0	0	Dal Snowfield	月川雪原
0211	0	0	Wei Snowfield	巍雪原
0212	0	0	Eastern Lotus Lake March	东莲湖边州
0213	0	0	ShanYue Highlands	山月高原
0214	0	0	Northern Silver Bridge March	北银桥边州
0215	0	0	Lower Mireugang	龙渊江下游
0216	0	0	Upper Hei Forest Province	上黑林州
0217	0	0	Garam Highlands	江岚高原
0218	0	0	CheongHana Harbor Circuit	青川花野港道
0219	0	0	Song Mountain Gate	松山门
0220	0	0	Eastern Crane Marsh March	东鹤泽边州
0221	0	0	Inner Zhao Forest Province	内昭林州
0222	0	0	BaiZhu Basin	白竹盆地
0223	0	0	GaramHai Cloud Terrace	江岚海云台
0224	0	0	Qing Lake Country	青湖乡
0225	0	0	Haneul Bamboo March	天原竹边
0226	0	0	SelenNing and the Nine Gates	瑟岚宁与九关
0227	0	0	Yao Tea Hills	曜茶岭
0228	0	0	GuTao Cloud Terrace	谷桃云台
0229	0	0	Aki Coast of Kawatsuki	月川秋津海岸
0230	0	0	QingTsuki Plum Valley	青月见梅谷
0231	0	0	Hai Coast of Lanshui	澜水海海岸
0232	0	0	AnAki Harbor Circuit	安秋津港道
0233	0	0	Outer Ruihe Basin	外瑞河盆地
0234	0	0	Mireu Coast of Morikawa	森川龙渊海岸
0235	0	0	SelenCang and the Red Crane	瑟岚苍与朱鹤
0236	0	0	Tsuki Snowfield	月见雪原
0237	0	0	KiriTsuki Harbor Circuit	雾隐月见港道
0238	0	0	Jing Rice Plain	靖稻原
0239	0	0	BaekJiang and the Red Crane	白岳江与朱鹤
0240	0	0	Upper MeiSeorim Isles	上梅瑞林群岛
0241	0	0	Northern Xuan Forest Province	北玄林州
0242	0	0	Ning Rice Plain	宁稻原
0243	0	0	FengLong and the Moon Shrine	风龙与月社
0244	0	0	Lower HaneulHuo Basin	下天原火盆地
0245	0	0	HuBoran Cloud Terrace	湖博岚云台
0246	0	0	Lin Coast of Cangliu	苍流林海岸
0247	0	0	Yin Lake Country	银湖乡
0248	0	0	Lower ShanBoran Lake Country	下山博岚湖乡
0249	0	0	He Tea Hills	河茶岭
0250	0	0	CheongMori Rice Plain	青川森原稻原
0251	0	0	Upper Mireugang Basin	上龙渊江盆地
0252	0	0	Yu Snowfield	玉雪原
0253	0	0	Southern ShuiSelen Riverlands	南水瑟岚河原
0254	0	0	Outer MingHana Prefecture	外明花野府
0255	0	0	Kirigawa River Circuit	雾川道
0256	0	0	Central Lotus Lake March	中莲湖边州
0257	0	0	HanaLuo Cloud Terrace	花野洛云台
0258	0	0	Cang Coast of Kirigawa	雾川苍海岸
0259	0	0	Qing Tea Hills	青茶岭
0260	0	0	Lotus Lake Commandery	莲湖郡
0261	0	0	Akatsuki Coast of Mireugang	龙渊江晓原海岸
0262	0	0	Qing Snowfield	青雪原
0263	0	0	Hu Bamboo March	湖竹边
0264	0	0	Zhao Rice Plain	昭稻原
0265	0	0	Lower LinJiang Pine Ridge	下林江松岭
0266	0	0	Southern Cloud Drum March	南云鼓边州
0267	0	0	KazeXuan Cloud Terrace	风见玄云台
0268	0	0	Lan Snowfield	澜雪原
0269	0	0	Northern HeiAki Isles	北黑秋津群岛
0270	0	0	Far Song Forest Province	远松林州
0271	0	0	Lower Cheongcheon Basin	下青川盆地
0272	0	0	ShuiYue and the Mist Gate	水月与雾门
0273	0	0	Xuan Rice Plain	玄稻原
0274	0	0	BoranCang Harbor Circuit	博岚苍港道
0275	0	0	Far JiangYue Isles	远江月群岛
0276	0	0	An Lake Country	安湖乡
0277	0	0	Central Kirigawa Basin	中雾川盆地
0278	0	0	Jing Bamboo March	靖竹边
0279	0	0	Tsuki Bamboo March	月见竹边
0280	0	0	Western Qinghe Basin	西青河盆地
0281	0	0	YaoCang and the Red Crane	曜苍与朱鹤
0282	0	0	LuoYun Isles	洛云群岛
0283	0	0	Ming Moon Shore	明月浦
0284	0	0	Feng Bamboo March	风竹边
0285	0	0	SongHu Cloud Terrace	松湖云台
0286	0	0	Haneul Snowfield	天原雪原
0287	0	0	Outer Baekgang Basin	外白江盆地
0288	0	0	Inner Selen Gol Basin	内瑟岚河盆地
0289	0	0	Inner LinMing Harbor Circuit	内林明港道
0290	0	0	MireuTao Harbor Circuit	龙渊桃港道
0291	0	0	Cheong Circuit	青川道
0292	0	0	LuoCheong Harbor Circuit	洛青川港道
0293	0	0	Cheong Rice Plain	青川稻原
0294	0	0	Mei Coast of Mireugang	龙渊江梅海岸
0295	0	0	Yin Mountain Gate	银山门
0296	0	0	YuQing and the Lotus Lake	玉青与莲湖
0297	0	0	Northern DalLing Isles	北月川陵群岛
0298	0	0	Silver Bridge Commandery	银桥郡
0299	0	0	BaiAn and the Cedar Shrine	白安与杉社
0300	0	0	Luo Tea Hills	洛茶岭
0301	0	0	An Prefecture	安府
0302	0	0	LingBoran and the Crane Marsh	陵博岚与鹤泽
0303	0	0	ZhuYu and the Crane Marsh	竹玉与鹤泽
0304	0	0	Western Ruihe Basin	西瑞河盆地
0305	0	0	Boran Snowfield	博岚雪原
0306	0	0	Zhu Mountain Gate	竹山门
0307	0	0	Garam Bamboo March	江岚竹边
0308	0	0	Luo Rice Plain	洛稻原
0309	0	0	Upper WeiYun Isles	上巍云群岛
0310	0	0	HeiSelen Prefecture	黑瑟岚府
0311	0	0	Southern LingAn Isles	南陵安群岛
0312	0	0	Central Yue Forest Province	中月林州
0313	0	0	Western Huo Forest Province	西火林州
0314	0	0	YunQing Harbor Circuit	云青港道
0315	0	0	AkatsukiShiro and the Star Monastery	晓原白羽与星寺
0316	0	0	Baekgang River Circuit	白江道
0317	0	0	Lower KazeHaneul Rice Plain	下风见天原稻原
0318	0	0	Northern LongMei Salt Marsh	北龙梅盐泽
0319	0	0	Upper ShiroCheong Pine Ridge	上白羽青川松岭
0320	0	0	RuiNarae Harbor Circuit	瑞羽川港道
0321	0	0	NingMireu Cloud Terrace	宁龙渊云台
0322	0	0	LinJiang Cloud Terrace	林江云台
0323	0	0	Lower MeiXuan Cloud Terrace	下梅玄云台
0324	0	0	Hana Snowfield	花野雪原
0325	0	0	Huo Bamboo March	火竹边
0326	0	0	Lower Selen Gol Basin	下瑟岚河盆地
0327	0	0	Lower Kirigawa Basin	下雾川盆地
0328	0	0	Dragon Well Pass	龙井关
0329	0	0	Ming Snowfield	明雪原
0330	0	0	Shiro Mountain Gate	白羽山门
0331	0	0	YaoSong and the Black Pine	曜松与黑松
0332	0	0	Garam River Circuit	江岚道
0333	0	0	Zhaojiang Delta Province	昭江河口州
0334	0	0	Northern JinAn Coast	北金安海岸
0335	0	0	Northern Kazegawa Basin	北风川盆地
0336	0	0	Zhu Jade Fields	竹玉田
0337	0	0	Jin Mountain Gate	金山门
0338	0	0	Long Snowfield	龙雪原
0339	0	0	GuNarae and the Black Pine	谷羽川与黑松
0340	0	0	Pearl Harbor Pass	珠港关
0341	0	0	Northern FengLan Rice Plain	北风澜稻原
0342	0	0	Feng Snowfield	风雪原
0343	0	0	Hei Coast	黑海岸
0344	0	0	Far DalRui Isles	远月川瑞群岛
0345	0	0	Morikawa River Circuit	森川道
0346	0	0	Cedar Shrine Pass	杉社关
0347	0	0	Upper Jingjiang	靖江上游
0348	0	0	Far Yunxi Basin	远云溪盆地
0349	0	0	Yama Mountain Gate	山城山门
0350	0	0	Cheongcheon Delta Province	青川河口州
0351	0	0	An Coast of Qinghe	青河安海岸
0352	0	0	MireuZhao Harbor Circuit	龙渊昭港道
0353	0	0	Silver Bridge Pass	银桥关
0354	0	0	Far Xuan Forest Province	远玄林州
0355	0	0	Mei Lake Country	梅湖乡
0356	0	0	Upper Garam	江岚上游
0357	0	0	Hei Bamboo March	黑竹边
0358	0	0	KazeHei Tea Hills	风见黑茶岭
0359	0	0	Lower JiangKuro Isles	下江黑羽群岛
0360	0	0	Hu Riverlands	湖河原
0361	0	0	BoranLuo Cloud Terrace	博岚洛云台
0362	0	0	An Tea Hills	安茶岭
0363	0	0	Dal Plum Valley	月川梅谷
0364	0	0	Shan Rice Plain	山稻原
0365	0	0	Mei Bamboo March	梅竹边
0366	0	0	TaoYama Cloud Terrace	桃山城云台
0367	0	0	Inner HeRui Isles	内河瑞群岛
0368	0	0	Tao Mountain Gate	桃山门
0369	0	0	Upper HaneulZhu Isles	上天原竹群岛
0370	0	0	FengZhu and the Lotus Lake	风竹与莲湖
0371	0	0	Kuro Snowfield	黑羽雪原
0372	0	0	Yu Mountain Gate	玉山门
0373	0	0	Lower ZhuKaze Isles	下竹风见群岛
0374	0	0	Kuro Rice Plain	黑羽稻原
0375	0	0	Red Crane Prefecture	朱鹤府
0376	0	0	LuoYao Cloud Terrace	洛曜云台
0377	0	0	Selen Coast of Morikawa	森川瑟岚海岸
0378	0	0	Northern Pearl Harbor March	北珠港边州
0379	0	0	Cang Mountain Gate	苍山门
0380	0	0	Cedar Shrine Commandery	杉社郡
0381	0	0	Lotus Lake Pass	莲湖关
0382	0	0	Ling Snowfield	陵雪原
0383	0	0	Hu Lake Country	湖湖乡
0384	0	0	MeiBai Plum Valley	梅白梅谷
0385	0	0	Dal Lake Country	月川湖乡
0386	0	0	Western Nine Gates March	西九关边州
0387	0	0	Cang Rice Plain	苍稻原
0388	0	0	QingXuan and the Red Crane	青玄与朱鹤
0389	0	0	Eastern White Pagoda March	东白塔边州
0390	0	0	Lower Jin Forest Province	下金林州
0391	0	0	Yue Lake Country	月湖乡
0392	0	0	Northern Crane Marsh March	北鹤泽边州
0393	0	0	Dal Tea Hills	月川茶岭
0394	0	0	LinYin Cloud Terrace	林银云台
0395	0	0	Baek Coast of Cangliu	苍流白岳海岸
0396	0	0	Southern MeiCheong Isles	南梅青川群岛
0397	0	0	MoriHaneul Harbor Circuit	森原天原港道
0398	0	0	Central Sun Terrace March	中日台边州
0399	0	0	JinQing Cloud Terrace	金青云台
0400	0	0	Crane Marsh Pass	鹤泽关
0401	0	0	Central Phoenix Hall March	中凤殿边州
0402	0	0	An Coast	安海岸
0403	0	0	Upper Morikawa	森川上游
0404	0	0	HeJiang Harbor Circuit	河江港道
0405	0	0	Lower Xuanshui Basin	下玄水盆地
0406	0	0	Lower Morikawa	森川下游
0407	0	0	Outer YunYin Coast	外云银海岸
0408	0	0	Lower Red Crane March	下朱鹤边州
0409	0	0	Seorim Coast of Ruihe	瑞河瑞林海岸
0410	0	0	Southern HuTsuki Mountain Gate	南湖月见山门
0411	0	0	Zhao Snowfield	昭雪原
0412	0	0	GuSong Terrace	谷松台地
0413	0	0	Northern Cangliu Basin	北苍流盆地
0414	0	0	Lower Lotus Lake March	下莲湖边州
0415	0	0	Kuro Salt Marsh	黑羽盐泽
0416	0	0	Kirigawa Delta Province	雾川河口州
0417	0	0	Southern Star Monastery March	南星寺边州
0418	0	0	Inner Ning Forest Province	内宁林州
0419	0	0	Dragon Well Commandery	龙井郡
0420	0	0	Seorim Mountain Gate	瑞林山门
0421	0	0	ZhaoJin Harbor Circuit	昭金港道
0422	0	0	Mireu Bamboo March	龙渊竹边
0423	0	0	Lower ShuiSong Isles	下水松群岛
0424	0	0	Southern Moon Shrine March	南月社边州
0425	0	0	MoriYao and the Black Pine	森原曜与黑松
0426	0	0	Lan Rice Plain	澜稻原
0427	0	0	Akatsuki Plum Valley	晓原梅谷
0428	0	0	Upper Long Forest Province	上龙林州
0429	0	0	Eastern Wei Forest Province	东巍林州
0430	0	0	Upper Cedar Shrine March	上杉社边州
0431	0	0	Yama Snowfield	山城雪原
0432	0	0	Western SeorimQing Cloud Terrace	西瑞林青云台
0433	0	0	Mori Rice Plain	森原稻原
0434	0	0	Yu Lake Country	玉湖乡
0435	0	0	Hana Bamboo March	花野竹边
0436	0	0	Lower Cangliu	苍流下游
0437	0	0	Golden Ford Pass	金津关
0438	0	0	Northern Dragon Well March	北龙井边州
0439	0	0	Yun Bamboo March	云竹边
0440	0	0	Yao Rice Plain	曜稻原
0441	0	0	Nine Gates Pass	九关关
0442	0	0	WeiHe Harbor Circuit	巍河港道
0443	0	0	Upper Cloud Drum March	上云鼓边州
0444	0	0	Yun Cloud Terrace	云云台
0445	0	0	GuMei Cloud Terrace	谷梅云台
0446	0	0	BaekXuan Harbor Circuit	白岳玄港道
0447	0	0	Central KiriKaze Province	中雾隐风见州
0448	0	0	Lower MoriZhu Isles	下森原竹群岛
0449	0	0	Baek Coast of Lanshui	澜水白岳海岸
0450	0	0	NingLong Riverlands	宁龙河原
0451	0	0	Lan Lake Country	澜湖乡
0452	0	0	Outer Lotus Lake March	外莲湖边州
0453	0	0	Upper Aki Forest Province	上秋津林州
0454	0	0	LongGaram and the Black Pine	龙江岚与黑松
0455	0	0	ShiroNing Province	白羽宁州
0456	0	0	WeiHai and the Pearl Harbor	巍海与珠港
0457	0	0	Rui Bamboo March	瑞竹边
0458	0	0	Far MingYue Isles	远明月群岛
0459	0	0	Cangliu River Circuit	苍流道
0460	0	0	Cedar Shrine Prefecture	杉社府
0461	0	0	MoriMireu and the Red Crane	森原龙渊与朱鹤
0462	0	0	LongGaram Harbor Circuit	龙江岚港道
0463	0	0	Inner Zhu Forest Province	内竹林州
0464	0	0	Southern Xuan Forest Province	南玄林州
0465	0	0	Upper HaneulYin Isles	上天原银群岛
0466	0	0	Central SongHuo Jade Fields	中松火玉田
0467	0	0	Western Kirigawa Basin	西雾川盆地
0468	0	0	Outer Hanagawa Basin	外花川盆地
0469	0	0	Yue Coast of Ruihe	瑞河月海岸
0470	0	0	Baek Bamboo March	白岳竹边
0471	0	0	SelenFeng Cloud Terrace	瑟岚风云台
0472	0	0	Lower Selen Gol	瑟岚河下游
0473	0	0	Central KuroHu Terrace	中黑羽湖台地
0474	0	0	Hana Tea Hills	花野茶岭
0475	0	0	Zhu Tea Hills	竹茶岭
0476	0	0	Hu Coast of Morikawa	森川湖海岸
0477	0	0	Mori Coast of Baekgang	白江森原海岸
0478	0	0	Lower Yunxi	云溪下游
0479	0	0	KuroGaram and the Golden Ford	黑羽江岚与金津
0480	0	0	Upper AkatsukiFeng Isles	上晓原风群岛
0481	0	0	Jin Moon Shore	金月浦
0482	0	0	BaiKaze and the Pearl Harbor	白风见与珠港
0483	0	0	Eastern YueAkatsuki Cloud Terrace	东月晓原云台
0484	0	0	Song Lowlands	松低原
0485	0	0	Outer TsukiJin Jade Fields	外月见金玉田
0486	0	0	Shiro Rice Plain	白羽稻原
0487	0	0	Eastern KuroCheong Isles	东黑羽青川群岛
0488	0	0	Gu Snowfield	谷雪原
0489	0	0	Upper Weihe	巍河上游
0490	0	0	Hai Coast of Selen Gol	瑟岚河海海岸
0491	0	0	Tiger Ridge Prefecture	虎岭府
0492	0	0	Akatsuki Coast of Kawatsuki	月川晓原海岸
0493	0	0	Lotus Lake Prefecture	莲湖府
0494	0	0	Gu Rice Plain	谷稻原
0495	0	0	SelenRui Harbor Circuit	瑟岚瑞港道
0496	0	0	Hai Snowfield	海雪原
0497	0	0	Yu Tea Hills	玉茶岭
0498	0	0	Upper HeiKiri Isles	上黑雾隐群岛
0499	0	0	GuYun Cloud Terrace	谷云云台
0500	0	0	MeiGu Harbor Circuit	梅谷港道
0501	0	0	Central Kawatsuki Basin	中月川盆地
0502	0	0	Ling Rice Plain	陵稻原
0503	0	0	Kiri Prefecture	雾隐府
0504	0	0	Lower Zhaojiang	昭江下游
0505	0	0	Northern YinJin Isles	北银金群岛
0506	0	0	Upper Hanagawa	花川上游
0507	0	0	ShiroGu Commandery	白羽谷郡
0508	0	0	Mingchuan Delta Province	明川河口州
0509	0	0	Hai Lake Country	海湖乡
0510	0	0	TaoTsuki Cloud Terrace	桃月见云台
0511	0	0	Outer CheongQing Lowlands	外青川青低原
0512	0	0	Garam Rice Plain	江岚稻原
0513	0	0	Wei Coast of Hanagawa	花川巍海岸
0514	0	0	Outer Garam Forest Province	外江岚林州
0515	0	0	Mori Bamboo March	森原竹边
0516	0	0	CheongAkatsuki Cloud Terrace	青川晓原云台
0517	0	0	Inner Phoenix Hall March	内凤殿边州
0518	0	0	MeiLong Lowlands	梅龙低原
0519	0	0	HaneulYun and the Sun Terrace	天原云与日台
0520	0	0	Shui Lake Country	水湖乡
0521	0	0	Far YaoHaneul Province	远曜天原州
0522	0	0	Upper Ruihe Basin	上瑞河盆地
0523	0	0	Boran Rice Plain	博岚稻原
0524	0	0	Shan Bamboo March	山竹边
0525	0	0	Inner Mingchuan Basin	内明川盆地
0526	0	0	Far Shui Forest Province	远水林州
0527	0	0	DalTao Dragon Pass	月川桃龙关
0528	0	0	Inner Qinghe Basin	内青河盆地
0529	0	0	KuroLing Cloud Terrace	黑羽陵云台
0530	0	0	JinZhao Valley	金昭谷
0531	0	0	ShanTao and the Star Monastery	山桃与星寺
0532	0	0	Ming Mountain Gate	明山门
0533	0	0	Jin Snowfield	金雪原
0534	0	0	Lower Weihe	巍河下游
0535	0	0	Yao Bamboo March	曜竹边
0536	0	0	KuroKaze Harbor Circuit	黑羽风见港道
0537	0	0	Upper Zhaojiang	昭江上游
0538	0	0	Far Mingchuan Basin	远明川盆地
0539	0	0	HuGu Highlands	湖谷高原
0540	0	0	Inner MireuHai Lowlands	内龙渊海低原
0541	0	0	Outer Huo Forest Province	外火林州
0542	0	0	Zhu Highlands	竹高原
0543	0	0	Mist Gate Pass	雾门关
0544	0	0	Northern Mingchuan Basin	北明川盆地
0545	0	0	Selen Gol Delta Province	瑟岚河河口州
0546	0	0	Red Crane Commandery	朱鹤郡
0547	0	0	Hana Coast of Zhaojiang	昭江花野海岸
0548	0	0	Hei Tea Hills	黑茶岭
0549	0	0	DalLuo Plum Valley	月川洛梅谷
0550	0	0	Southern Phoenix Hall March	南凤殿边州
0551	0	0	YunKiri and the Phoenix Hall	云雾隐与凤殿
0552	0	0	Mireu Tea Hills	龙渊茶岭
0553	0	0	RuiMireu Basin	瑞龙渊盆地
0554	0	0	Eastern Shan Forest Province	东山林州
0555	0	0	Outer Cangliu Basin	外苍流盆地
0556	0	0	Yama Bamboo March	山城竹边
0557	0	0	Wei Lake Country	巍湖乡
0558	0	0	Aki Rice Plain	秋津稻原
0559	0	0	Kaze Coast of Xuanshui	玄水风见海岸
0560	0	0	Lower Hai Forest Province	下海林州
0561	0	0	Mist Gate Prefecture	雾门府
0562	0	0	HaneulJing Cloud Terrace	天原靖云台
0563	0	0	Lower Hei Forest Province	下黑林州
0564	0	0	Mingchuan River Circuit	明川道
0565	0	0	Eastern Boran Forest Province	东博岚林州
0566	0	0	ZhuGaram Isles	竹江岚群岛
0567	0	0	AkiZhao Cloud Terrace	秋津昭云台
0568	0	0	Kaze Lake Country	风见湖乡
0569	0	0	Tsuki Coast of Kawatsuki	月川月见海岸
0570	0	0	Lower Jingjiang	靖江下游
0571	0	0	Jade Bell Pass	玉钟关
0572	0	0	Zhao Lake Country	昭湖乡
0573	0	0	Western LingNarae Terrace	西陵羽川台地
0574	0	0	Inner Nine Gates March	内九关边州
0575	0	0	NingLing Harbor Circuit	宁陵港道
0576	0	0	Dal Bamboo March	月川竹边
0577	0	0	Western Mireugang Basin	西龙渊江盆地
0578	0	0	YamaJin Plum Valley	山城金梅谷
0579	0	0	Upper CheongLing Isles	上青川陵群岛
0580	0	0	Outer Zhaojiang Basin	外昭江盆地
0581	0	0	Upper CheongKuro Isles	上青川黑羽群岛
0582	0	0	Cloud Drum Prefecture	云鼓府
0583	0	0	Dal Coast of Mingchuan	明川月川海岸
0584	0	0	Ling Tea Hills	陵茶岭
0585	0	0	Upper Baekgang Basin	上白江盆地
0586	0	0	Hu Tea Hills	湖茶岭
0587	0	0	Feng Province	风州
0588	0	0	Eastern Ruihe Basin	东瑞河盆地
0589	0	0	Eastern Tiger Ridge March	东虎岭边州
0590	0	0	Outer LingCang Isles	外陵苍群岛
0591	0	0	Ming Coast of Selen Gol	瑟岚河明海岸
0592	0	0	SelenHei Cloud Terrace	瑟岚黑云台
0593	0	0	Northern JiangYun Isles	北江云群岛
0594	0	0	An Cape	安岬
0595	0	0	MingFeng and the Cedar Shrine	明风与杉社
0596	0	0	Eastern Nine Gates March	东九关边州
0597	0	0	BaiJing Harbor Circuit	白靖港道
0598	0	0	Jing Lake Country	靖湖乡
0599	0	0	Central Kazegawa Basin	中风川盆地
0600	0	0	Akatsuki Basin	晓原盆地
0601	0	0	NingAn Bamboo March	宁安竹边
0602	0	0	Seorim Coast of Cangliu	苍流瑞林海岸
0603	0	0	Western TsukiHai Isles	西月见海群岛
0604	0	0	Inner Moon Shrine March	内月社边州
0605	0	0	Southern Zhaojiang Basin	南昭江盆地
0606	0	0	Qinghe River Circuit	青河道
0607	0	0	Far GaramLan Province	远江岚澜州
0608	0	0	Lan Plum Valley	澜梅谷
0609	0	0	Song Tea Hills	松茶岭
0610	0	0	AnFeng Cloud Terrace	安风云台
0611	0	0	Far QingLing Commandery	远青陵郡
0612	0	0	Southern JiangKiri Isles	南江雾隐群岛
0613	0	0	LingZhu Cape	陵竹岬
0614	0	0	Star Monastery Commandery	星寺郡
0615	0	0	Zhao Coast of Yunxi	云溪昭海岸
0616	0	0	Upper YinCang Isles	上银苍群岛
0617	0	0	Xuan Lake Country	玄湖乡
0618	0	0	Narae Coast of Mireugang	龙渊江羽川海岸
0619	0	0	LinMei and the Mist Gate	林梅与雾门
0620	0	0	Upper Kazegawa Basin	上风川盆地
0621	0	0	Golden Ford Prefecture	金津府
0622	0	0	NingAkatsuki Riverlands	宁晓原河原
0623	0	0	Far SelenJing Province	远瑟岚靖州
0624	0	0	ZhuGaram Cloud Terrace	竹江岚云台
0625	0	0	Wei Tea Hills	巍茶岭
0626	0	0	Song Highlands	松高原
0627	0	0	KazeMori Cloud Terrace	风见森原云台
0628	0	0	Far Lanshui Basin	远澜水盆地
0629	0	0	Zhao Riverlands	昭河原
0630	0	0	Eastern An Forest Province	东安林州
0631	0	0	HeiKuro Harbor Circuit	黑黑羽港道
0632	0	0	ZhuLin Cloud Terrace	竹林云台
0633	0	0	Kaze Snowfield	风见雪原
0634	0	0	Western Hanagawa Basin	西花川盆地
0635	0	0	Upper Kirigawa	雾川上游
0636	0	0	Upper Cheongcheon	青川上游
0637	0	0	Ling Bamboo March	陵竹边
0638	0	0	Outer Garam Basin	外江岚盆地
0639	0	0	Northern Zhu Forest Province	北竹林州
0640	0	0	Lower LanShan Isles	下澜山群岛
0641	0	0	Qinghe Delta Province	青河河口州
0642	0	0	Tao Rice Plain	桃稻原
0643	0	0	TaoHana Harbor Circuit	桃花野港道
0644	0	0	Bai Tea Hills	白茶岭
0645	0	0	Baek Coast of Mingchuan	明川白岳海岸
0646	0	0	Western Jade Bell March	西玉钟边州
0647	0	0	Hu Coast of Weihe	巍河湖海岸
0648	0	0	MoriCang Harbor Circuit	森原苍港道
0649	0	0	Tsuki Mountain Gate	月见山门
0650	0	0	DalHaneul Cloud Terrace	月川天原云台
0651	0	0	Bai Coast of Lanshui	澜水白海岸
0652	0	0	Cloud Drum Pass	云鼓关
0653	0	0	HanaRui March	花野瑞边州
0654	0	0	Ling Coast of Kazegawa	风川陵海岸
0655	0	0	Jingjiang River Circuit	靖江道
0656	0	0	Red Crane Pass	朱鹤关
0657	0	0	Bai Lake Country	白湖乡
0658	0	0	TsukiZhao Riverlands	月见昭河原
0659	0	0	Upper Lanshui	澜水上游
0660	0	0	KuroYao Harbor Circuit	黑羽曜港道
0661	0	0	Feng Rice Plain	风稻原
0662	0	0	Western Xuan Forest Province	西玄林州
0663	0	0	Lin Lake Country	林湖乡
0664	0	0	Inner YamaAki Isles	内山城秋津群岛
0665	0	0	Phoenix Hall Commandery	凤殿郡
0666	0	0	Song Plum Valley	松梅谷
0667	0	0	KuroShiro and the Sun Terrace	黑羽白羽与日台
0668	0	0	Lower Sun Terrace March	下日台边州
0669	0	0	SeorimMing Harbor Circuit	瑞林明港道
0670	0	0	Lower Xuanshui	玄水下游
0671	0	0	Western KuroLong Isles	西黑羽龙群岛
0672	0	0	Central Hanagawa Basin	中花川盆地
0673	0	0	MoriShan Cloud Terrace	森原山云台
0674	0	0	Tiger Ridge Commandery	虎岭郡
0675	0	0	Far HeiShan Isles	远黑山群岛
0676	0	0	Eastern Sun Terrace March	东日台边州
0677	0	0	Long Bamboo March	龙竹边
0678	0	0	Northern Hana Forest Province	北花野林州
0679	0	0	Selen Coast of Garam	江岚瑟岚海岸
0680	0	0	YunJin Cloud Terrace	云金云台
0681	0	0	GaramQing and the Silver Bridge	江岚青与银桥
0682	0	0	Hana Coast of Kirigawa	雾川花野海岸
0683	0	0	Inner AkiCheong Isles	内秋津青川群岛
0684	0	0	HanaSong Cloud Terrace	花野松云台
0685	0	0	HuHe Valley	湖河谷
0686	0	0	Western Moon Shrine March	西月社边州
0687	0	0	Lower Mingchuan	明川下游
0688	0	0	Outer Narae Forest Province	外羽川林州
0689	0	0	YinGu Harbor Circuit	银谷港道
0690	0	0	Yu Coast of Morikawa	森川玉海岸
0691	0	0	Western Garam Forest Province	西江岚林州
0692	0	0	Mireu Coast of Ruihe	瑞河龙渊海岸
0693	0	0	Inner Feng Forest Province	内风林州
0694	0	0	Eastern JingWei Dragon Pass	东靖巍龙关
0695	0	0	Far Baekgang Basin	远白江盆地
0696	0	0	BaekSeorim and the Cedar Shrine	白岳瑞林与杉社
0697	0	0	Western Aki Forest Province	西秋津林州
0698	0	0	HanaHe Snowfield	花野河雪原
0699	0	0	Northern MireuJing Mountain Gate	北龙渊靖山门
0700	0	0	JingTao Cloud Terrace	靖桃云台
0701	0	0	Shiro Jade Fields	白羽玉田
0702	0	0	An Snowfield	安雪原
0703	0	0	Eastern Feng Forest Province	东风林州
0704	0	0	CheongKuro Tea Hills	青川黑羽茶岭
0705	0	0	Northern Garam Forest Province	北江岚林州
0706	0	0	Narae Coast of Kirigawa	雾川羽川海岸
0707	0	0	Seorim Bamboo March	瑞林竹边
0708	0	0	AkiGaram and the Pearl Harbor	秋津江岚与珠港
0709	0	0	Selen Coast of Jingjiang	靖江瑟岚海岸
0710	0	0	Eastern Wind Beacon March	东风烽边州
0711	0	0	Far Hanagawa Basin	远花川盆地
0712	0	0	JinYao Harbor Circuit	金曜港道
0713	0	0	Boran Mountain Gate	博岚山门
0714	0	0	Kiri Snowfield	雾隐雪原
0715	0	0	Yue Bamboo March	月竹边
0716	0	0	SongHana Harbor Circuit	松花野港道
0717	0	0	Southern FengHai Isles	南风海群岛
0718	0	0	WeiMori and the Crane Marsh	巍森原与鹤泽
0719	0	0	YamaAkatsuki Plum Valley	山城晓原梅谷
0720	0	0	Gu Mountain Gate	谷山门
0721	0	0	Southern Selen Gol Basin	南瑟岚河盆地
0722	0	0	Mireu Mountain Gate	龙渊山门
0723	0	0	Yun Coast of Zhaojiang	昭江云海岸
0724	0	0	Yin Coast of Xuanshui	玄水银海岸
0725	0	0	LanShiro Moon Shore	澜白羽月浦
0726	0	0	Inner LongHe Forest Province	内龙河林州
0727	0	0	Shan Lake Country	山湖乡
0728	0	0	Lower Kawatsuki Basin	下月川盆地
0729	0	0	Inner LanTao Isles	内澜桃群岛
0730	0	0	Mireu Lowlands	龙渊低原
0731	0	0	Northern Mireugang Basin	北龙渊江盆地
0732	0	0	GaramBai Cloud Terrace	江岚白云台
0733	0	0	Western Shui Forest Province	西水林州
0734	0	0	Hai Tea Hills	海茶岭
0735	0	0	AkatsukiTao and the Pearl Harbor	晓原桃与珠港
0736	0	0	Luo Mountain Gate	洛山门
0737	0	0	AkatsukiLan Cloud Terrace	晓原澜云台
0738	0	0	Kuro Forest Province	黑羽林州
0739	0	0	Lower ShiroLong Moon Shore	下白羽龙月浦
0740	0	0	Feng Dragon Pass	风龙关
0741	0	0	KuroZhao Harbor Circuit	黑羽昭港道
0742	0	0	Hei Snowfield	黑雪原
0743	0	0	Central Jiang Forest Province	中江林州
0744	0	0	Upper Cangliu	苍流上游
0745	0	0	Black Pine Pass	黑松关
0746	0	0	Lower Pearl Harbor March	下珠港边州
0747	0	0	HanaSeorim Cloud Terrace	花野瑞林云台
0748	0	0	LinFeng Cloud Terrace	林风云台
0749	0	0	HanaZhu Province	花野竹州
0750	0	0	Ming Lake Country	明湖乡
0751	0	0	Far Golden Ford March	远金津边州
0752	0	0	Eastern Hana Forest Province	东花野林州
0753	0	0	Lower Ming Forest Province	下明林州
0754	0	0	HaiShan Prefecture	海山府
0755	0	0	Lower Lan Forest Province	下澜林州
0756	0	0	Lan Coast	澜海岸
0757	0	0	Inner Lanshui Basin	内澜水盆地
0758	0	0	Garam Mountain Gate	江岚山门
0759	0	0	Kiri Bamboo March	雾隐竹边
0760	0	0	Lower Baekgang	白江下游
0761	0	0	Song Bamboo March	松竹边
0762	0	0	Eastern KazeYama Dragon Pass	东风见山城龙关
0763	0	0	Kuro Mountain Gate	黑羽山门
0764	0	0	LongShui Cloud Terrace	龙水云台
0765	0	0	Tao Snowfield	桃雪原
0766	0	0	Kiri Lake Country	雾隐湖乡
0767	0	0	CheongMing and the Wind Beacon	青川明与风烽
0768	0	0	Nine Gates Commandery	九关郡
0769	0	0	Central Zhu Forest Province	中竹林州
0770	0	0	Hana Lake Country	花野湖乡
0771	0	0	Baek Tea Hills	白岳茶岭
0772	0	0	Yun Highlands	云高原
0773	0	0	Shui Bamboo March	水竹边
0774	0	0	TsukiLuo and the Mist Gate	月见洛与雾门
0775	0	0	Jingjiang Delta Province	靖江河口州
0776	0	0	Cheong Snowfield	青川雪原
0777	0	0	Western Lan Forest Province	西澜林州
0778	0	0	Baek Lake Country	白岳湖乡
0779	0	0	Yao Lake Country	曜湖乡
0780	0	0	Selen Bamboo March	瑟岚竹边
0781	0	0	Baek Mountain Gate	白岳山门
0782	0	0	Ning Lake Country	宁湖乡
0783	0	0	Kazegawa River Circuit	风川道
0784	0	0	Northern Yao Forest Province	北曜林州
0785	0	0	Huo Snowfield	火雪原
0786	0	0	Eastern HeCheong Pass	东河青川关
0787	0	0	Star Monastery Prefecture	星寺府
0788	0	0	Wind Beacon Commandery	风烽郡
0789	0	0	LuoHe Cloud Terrace	洛河云台
0790	0	0	Northern Yama Forest Province	北山城林州
0791	0	0	Sun Terrace Prefecture	日台府
0792	0	0	CheongHana and the Tiger Ridge	青川花野与虎岭
0793	0	0	Aki Bamboo March	秋津竹边
0794	0	0	Rui Lake Country	瑞湖乡
0795	0	0	Southern Golden Ford March	南金津边州
0796	0	0	Mei Mountain Gate	梅山门
0797	0	0	Shui Pass	水关
0798	0	0	LinYu Plum Valley	林玉梅谷
0799	0	0	Far YunKaze Plum Valley	远云风见梅谷
0800	0	0	Upper Mingchuan	明川上游
0801	0	0	Outer Sun Terrace March	外日台边州
0802	0	0	Upper Kawatsuki	月川上游
0803	0	0	JinHana Circuit	金花野道
0804	0	0	Jing Coast of Cheongcheon	青川靖海岸
0805	0	0	Kuro Lake Country	黑羽湖乡
0806	0	0	Qing Rice Plain	青稻原
0807	0	0	Huo Mountain Gate	火山门
0808	0	0	Yun Mountain Gate	云山门
0809	0	0	Lanshui Delta Province	澜水河口州
0810	0	0	Jade Bell Prefecture	玉钟府
0811	0	0	Eastern ShanNarae March	东山羽川边州
0812	0	0	Seorim Lake Country	瑞林湖乡
0813	0	0	Northern Qinghe Basin	北青河盆地
0814	0	0	HuoNing Cloud Terrace	火宁云台
0815	0	0	QingLin and the Pearl Harbor	青林与珠港
0816	0	0	BaekBai Rice Plain	白岳白稻原
0817	0	0	Lower Jingjiang Basin	下靖江盆地
0818	0	0	KazeAki Prefecture	风见秋津府
0819	0	0	Baek Rice Plain	白岳稻原
0820	0	0	Central YuGu Isles	中玉谷群岛
0821	0	0	KuroYun Cloud Terrace	黑羽云云台
0822	0	0	Zhu Snowfield	竹雪原
0823	0	0	Southern JingJin Riverlands	南靖金河原
0824	0	0	LanBai Salt Marsh	澜白盐泽
0825	0	0	Eastern MoriGaram Isles	东森原江岚群岛
0826	0	0	Yunxi River Circuit	云溪道
0827	0	0	AnGaram and the Lotus Lake	安江岚与莲湖
0828	0	0	HanaWei Cloud Terrace	花野巍云台
0829	0	0	KuroHana and the Jade Bell	黑羽花野与玉钟
0830	0	0	Northern Sun Terrace March	北日台边州
0831	0	0	JinAn Harbor Circuit	金安港道
0832	0	0	SelenZhu Cloud Terrace	瑟岚竹云台
0833	0	0	Far Lotus Lake March	远莲湖边州
0834	0	0	Seorim Tea Hills	瑞林茶岭
0835	0	0	Eastern Cedar Shrine March	东杉社边州
0836	0	0	Haneul Rice Plain	天原稻原
0837	0	0	Mei Tea Hills	梅茶岭
0838	0	0	KazeNarae and the Dragon Well	风见羽川与龙井
0839	0	0	Western Crane Marsh March	西鹤泽边州
0840	0	0	Morikawa Delta Province	森川河口州
0841	0	0	Yue Mountain Gate	月山门
0842	0	0	BaekAn and the Cedar Shrine	白岳安与杉社
0843	0	0	Western Selen Gol Basin	西瑟岚河盆地
0844	0	0	Gu Tea Hills	谷茶岭
0845	0	0	An Bamboo March	安竹边
0846	0	0	CheongZhao Cloud Terrace	青川昭云台
0847	0	0	Dal Mountain Gate	月川山门
0848	0	0	Eastern BaiCang Snowfield	东白苍雪原
0849	0	0	Western YuMireu Mountain Gate	西玉龙渊山门
0850	0	0	DalBoran and the Phoenix Hall	月川博岚与凤殿
0851	0	0	TaoMori Cloud Terrace	桃森原云台
0852	0	0	LuoDal Harbor Circuit	洛月川港道
0853	0	0	Central GuMing Isles	中谷明群岛
0854	0	0	Huo Rice Plain	火稻原
0855	0	0	AkatsukiHana Harbor Circuit	晓原花野港道
0856	0	0	KiriKaze Harbor Circuit	雾隐风见港道
0857	0	0	Outer Jade Bell March	外玉钟边州
0858	0	0	He Bamboo March	河竹边
0859	0	0	YinMing Cloud Terrace	银明云台
0860	0	0	Hai Mountain Gate	海山门
0861	0	0	Moon Shrine Commandery	月社郡
0862	0	0	Qing Coast of Kawatsuki	月川青海岸
0863	0	0	Ning Mountain Gate	宁山门
0864	0	0	ShuiLing Plum Valley	水陵梅谷
0865	0	0	Yu Rice Plain	玉稻原
0866	0	0	ShuiYin Harbor Circuit	水银港道
0867	0	0	Baek Snowfield	白岳雪原
0868	0	0	ShiroHai Cloud Terrace	白羽海云台
0869	0	0	Far Cangliu Basin	远苍流盆地
0870	0	0	JinHana Forest Province	金花野林州
0871	0	0	Aki Mountain Gate	秋津山门
0872	0	0	Lower Kawatsuki	月川下游
0873	0	0	YunAn and the Star Monastery	云安与星寺
0874	0	0	Yunxi Delta Province	云溪河口州
0875	0	0	HeiLuo and the Moon Shrine	黑洛与月社
0876	0	0	Mei Rice Plain	梅稻原
0877	0	0	Northern Feng Forest Province	北风林州
0878	0	0	Luo Valley	洛谷
0879	0	0	Baek Coast of Hanagawa	花川白岳海岸
0880	0	0	Northern Zhao Forest Province	北昭林州
0881	0	0	Far LongRui Isles	远龙瑞群岛
0882	0	0	Mei Coast of Cheongcheon	青川梅海岸
0883	0	0	Upper Yunxi	云溪上游
0884	0	0	Cangliu Delta Province	苍流河口州
0885	0	0	Northern DalXuan Isles	北月川玄群岛
0886	0	0	Xuan Tea Hills	玄茶岭
0887	0	0	HuHai and the Star Monastery	湖海与星寺
0888	0	0	TaoAkatsuki Harbor Circuit	桃晓原港道
0889	0	0	Yun Snowfield	云雪原
0890	0	0	Zhaojiang River Circuit	昭江道
0891	0	0	Hanagawa Delta Province	花川河口州
0892	0	0	Shan Tea Hills	山茶岭
0893	0	0	Cang Bamboo March	苍竹边
0894	0	0	Far Rui Forest Province	远瑞林州
0895	0	0	Eastern Mei Forest Province	东梅林州
0896	0	0	Long Mountain Gate	龙山门
0897	0	0	Phoenix Hall Prefecture	凤殿府
0898	0	0	Baek Lowlands	白岳低原
0899	0	0	Jing Coast of Zhaojiang	昭江靖海岸
0900	0	0	Far Boran Forest Province	远博岚林州
0901	0	0	Southern Mist Gate March	南雾门边州
0902	0	0	Akatsuki Mountain Gate	晓原山门
0903	0	0	BaekGu and the Red Crane	白岳谷与朱鹤
0904	0	0	Southern KuroLong Isles	南黑羽龙群岛
0905	0	0	Northern Tiger Ridge March	北虎岭边州
0906	0	0	WeiHu Moon Shore	巍湖月浦
0907	0	0	Southern Wei Forest Province	南巍林州
0908	0	0	Northern LanXuan Isles	北澜玄群岛
0909	0	0	Garam Lake Country	江岚湖乡
0910	0	0	LuoMori Mountain Gate	洛森原山门
0911	0	0	Tiger Ridge Pass	虎岭关
0912	0	0	Qing Mountain Gate	青山门
0913	0	0	Black Pine Prefecture	黑松府
0914	0	0	Outer Weihe Basin	外巍河盆地
0915	0	0	Lower SongHei Isles	下松黑群岛
0916	0	0	Outer SelenBaek Isles	外瑟岚白岳群岛
0917	0	0	Ning Snowfield	宁雪原
0918	0	0	CheongYun Harbor Circuit	青川云港道
0919	0	0	Far Narae Forest Province	远羽川林州
0920	0	0	Hei Mountain Gate	黑山门
0921	0	0	Eastern Qinghe Basin	东青河盆地
0922	0	0	Golden Ford Commandery	金津郡
0923	0	0	Lower SeorimMori Isles	下瑞林森原群岛
0924	0	0	YamaLing and the Cloud Drum	山城陵与云鼓
0925	0	0	Upper MingBaek Province	上明白岳州
0926	0	0	Long Rice Plain	龙稻原
0927	0	0	Lan Bamboo March	澜竹边
0928	0	0	Central YuShui Isles	中玉水群岛
0929	0	0	Star Monastery Pass	星寺关
0930	0	0	Far Lin Forest Province	远林林州
0931	0	0	JiangDal Cloud Terrace	江月川云台
0932	0	0	NingZhu Cloud Terrace	宁竹云台
0933	0	0	Narae Valley	羽川谷
0934	0	0	Ruihe Delta Province	瑞河河口州
0935	0	0	GuBoran Harbor Circuit	谷博岚港道
0936	0	0	Song Coast of Xuanshui	玄水松海岸
0937	0	0	He Mountain Gate	河山门
0938	0	0	Zhu Bamboo March	竹竹边
0939	0	0	Southern LanZhao Isles	南澜昭群岛
0940	0	0	Lin Mountain Gate	林山门
0941	0	0	Jing Snowfield	靖雪原
0942	0	0	Ming Tea Hills	明茶岭
0943	0	0	Outer Xuanshui Basin	外玄水盆地
0944	0	0	Jiang Mountain Gate	江山门
0945	0	0	Mist Gate Commandery	雾门郡
0946	0	0	Upper JinMori Isles	上金森原群岛
0947	0	0	Mireugang River Circuit	龙渊江道
0948	0	0	Western LinMing Isles	西林明群岛
0949	0	0	Lin Bamboo March	林竹边
0950	0	0	HaneulTao Cloud Terrace	天原桃云台
0951	0	0	Song Lake Country	松湖乡
0952	0	0	Akatsuki Snowfield	晓原雪原
0953	0	0	Cloud Drum Commandery	云鼓郡
0954	0	0	Huo Tea Hills	火茶岭
0955	0	0	Phoenix Hall Pass	凤殿关
0956	0	0	HeSong and the Wind Beacon	河松与风烽
0957	0	0	Wei Bamboo March	巍竹边
0958	0	0	BaiSong and the Wind Beacon	白松与风烽
0959	0	0	Upper Selen Gol	瑟岚河上游
0960	0	0	Western Zhaojiang Basin	西昭江盆地
0961	0	0	Lower Kirigawa	雾川下游
0962	0	0	Western SelenXuan Commandery	西瑟岚玄郡
0963	0	0	Western ZhuYue Isles	西竹月群岛
0964	0	0	Sun Terrace Commandery	日台郡
0965	0	0	Lanshui River Circuit	澜水道
0966	0	0	Ming Basin	明盆地
0967	0	0	Southern XuanFeng Isles	南玄风群岛
0968	0	0	Inner White Pagoda March	内白塔边州
0969	0	0	Yue Snowfield	月雪原
0970	0	0	Southern Weihe Basin	南巍河盆地
0971	0	0	Selen Gol River Circuit	瑟岚河道
0972	0	0	HuoJing Cloud Terrace	火靖云台
0973	0	0	Lower Lanshui	澜水下游
0974	0	0	Tsuki Salt Marsh	月见盐泽
0975	0	0	LanShiro Cloud Terrace	澜白羽云台
0976	0	0	Narae Bamboo March	羽川竹边
0977	0	0	KiriBaek Highlands	雾隐白岳高原
0978	0	0	Xuan Snowfield	玄雪原
0979	0	0	Weihe River Circuit	巍河道
0980	0	0	Mireu Lake Country	龙渊湖乡
0981	0	0	Tao Bamboo March	桃竹边
0982	0	0	Lower Qinghe	青河下游
0983	0	0	Kiri Rice Plain	雾隐稻原
0984	0	0	RuiShiro Harbor Circuit	瑞白羽港道
0985	0	0	Yama Coast of Mingchuan	明川山城海岸
0986	0	0	Zhao Mountain Gate	昭山门
0987	0	0	Northern Xuanshui Basin	北玄水盆地
0988	0	0	Narae Mountain Gate	羽川山门
0989	0	0	NingLing and the Red Crane	宁陵与朱鹤
0990	0	0	Baek Isles	白岳群岛
0991	0	0	Lan Tea Hills	澜茶岭
0992	0	0	Outer Golden Ford March	外金津边州
0993	0	0	Upper LongMing Isles	上龙明群岛
0994	0	0	Feng Coast of Cangliu	苍流风海岸
0995	0	0	HuoSelen Cloud Terrace	火瑟岚云台
0996	0	0	BoranAn Cloud Terrace	博岚安云台
0997	0	0	Hana Rice Plain	花野稻原
0998	0	0	Song Snowfield	松雪原
0999	0	0	Southern Yu Forest Province	南玉林州
1000	0	0	Central WeiHuo Isles	中巍火群岛
